accuracy,precision_macro,recall_macro,f1_macro,roc_auc_ovr_macro,pr_auc_macro
0.7401111111111112,0.7442671560679148,0.7401111111111112,0.7415797506775074,0.8940106111111109,0.8039972700983017
